ticker,date,open,high,low,close
BTC,7/17/2010,0.04951,0.04951,0.04951,0.04951
BTC,7/18/2010,0.04951,0.08585,0.04951,0.08584
BTC,7/19/2010,0.08584,0.09307,0.07723,0.0808
BTC,7/20/2010,0.0808,0.08181,0.07426,0.07474
BTC,7/21/2010,0.07474,0.07921,0.06634,0.07921
BTC,7/22/2010,0.07921,0.08181,0.0505,0.0505
BTC,7/23/2010,0.0505,0.06767,0.0505,0.06262
BTC,7/24/2010,0.06262,0.06262,0.05049,0.05454
BTC,7/25/2010,0.05454,0.05941,0.0505,0.0505
BTC,7/26/2010,0.0505,0.056,0.05,0.056
BTC,7/27/2010,0.056,0.0605,0.053,0.06
BTC,7/28/2010,0.06,0.062,0.054,0.0589
BTC,7/29/2010,0.0589,0.0699,0.0571,0.0699
BTC,7/30/2010,0.0699,0.0699,0.0582,0.0627
BTC,7/31/2010,0.0627,0.06889,0.056,0.06785
BTC,8/1/2010,0.06785,0.06785,0.06,0.0611
BTC,8/2/2010,0.0611,0.0633,0.06,0.06
BTC,8/3/2010,0.06,0.065,0.059,0.06
BTC,8/4/2010,0.06,0.06231,0.057,0.057
BTC,8/5/2010,0.057,0.061,0.057,0.061
BTC,8/6/2010,0.061,0.0624,0.0607,0.0623
BTC,8/7/2010,0.0623,0.0623,0.059,0.059
BTC,8/8/2010,0.059,0.061,0.059,0.0609
BTC,8/9/2010,0.0609,0.0735,0.0593,0.071
BTC,8/10/2010,0.071,0.071,0.06651,0.07
BTC,8/11/2010,0.07,0.07541,0.06,0.067
BTC,8/12/2010,0.067,0.07,0.06141,0.07
BTC,8/13/2010,0.07,0.07,0.0645,0.0645
BTC,8/14/2010,0.0645,0.0695,0.0645,0.067
BTC,8/15/2010,0.067,0.067,0.065,0.06529
BTC,8/16/2010,0.06529,0.0679,0.062,0.0655
BTC,8/17/2010,0.0655,0.0769,0.06243,0.07
BTC,8/18/2010,0.07,0.0733,0.067,0.068
BTC,8/19/2010,0.068,0.068,0.0667,0.0667
BTC,8/20/2010,0.0667,0.0667,0.065,0.0655
BTC,8/21/2010,0.0655,0.0669,0.0644,0.0664
BTC,8/22/2010,0.0664,0.0664,0.0612,0.066
BTC,8/23/2010,0.066,0.06689,0.063,0.06491
BTC,8/24/2010,0.06491,0.0665,0.06491,0.065
BTC,8/25/2010,0.065,0.0665,0.0641,0.0648
BTC,8/26/2010,0.0648,0.0658,0.064,0.064
BTC,8/27/2010,0.064,0.065,0.063,0.065
BTC,8/28/2010,0.065,0.065,0.0641,0.0641
BTC,8/29/2010,0.0641,0.0648,0.064,0.064
BTC,8/30/2010,0.064,0.069,0.03211,0.06497
BTC,8/31/2010,0.06497,0.06497,0.06,0.06
BTC,9/1/2010,0.06,0.0629,0.05961,0.0629
BTC,9/2/2010,0.0629,0.0634,0.0601,0.0634
BTC,9/3/2010,0.0634,0.0634,0.06085,0.06085
BTC,9/4/2010,0.06085,0.06238,0.06085,0.06238
BTC,9/5/2010,0.06238,0.064,0.0605,0.0616
BTC,9/6/2010,0.0616,0.0627,0.0616,0.0616
BTC,3/6/2022,39476.8,39705.3,38101.2,38985.8
BTC,3/7/2022,38990,39553.4,37162.4,38222.9
BTC,3/8/2022,38222.9,39365.8,37875.2,38560
BTC,3/9/2022,38560,42592.5,38537.8,41900.4
BTC,3/10/2022,41900.4,42143.9,38615.4,39457.8
BTC,3/11/2022,39457.8,40248.3,38240.9,38924.5
BTC,3/12/2022,38924.5,39460,38668.3,39105.9
BTC,3/13/2022,39105.9,39311.7,37618,37750.4
BTC,3/14/2022,37734.1,39932.4,37559.8,39331.6
BTC,3/15/2022,39334.3,39888.8,38107.6,39481.8
BTC,3/16/2022,39478.8,41724.3,38928.4,40895.3
BTC,3/17/2022,40895.3,41483.8,40508.1,41008.3
BTC,3/18/2022,41008.3,42346.2,40167.6,41708
BTC,3/19/2022,41708,42417,41524.9,41971.3
BTC,3/20/2022,41971.3,42312,40929.4,41428.9
BTC,3/21/2022,41452.6,41555,40487,41136.5
BTC,3/22/2022,41136.4,43260,40896,42550
BTC,3/23/2022,42551.3,42796.5,41772.4,42509.9
BTC,3/24/2022,42509.9,44238.6,42415.9,43969.4
BTC,3/25/2022,43965.3,45121.2,43605.2,44321.6
BTC,3/26/2022,44317.2,44815.4,44089.6,44381.9
BTC,3/27/2022,44383.7,46818.5,44383.7,46562.6
BTC,3/28/2022,46585.9,48209.1,46367.7,47633
BTC,3/29/2022,47657.8,48115.6,46903.6,47295.4
BTC,3/30/2022,47290.7,47709.8,46637.7,47001.6
BTC,3/31/2022,47001.6,47609.5,45532.7,45766.3
BTC,4/1/2022,45770.9,46743.4,44213.3,46323.6
BTC,4/2/2022,46323.6,47223.4,45641.9,46249.5
BTC,4/3/2022,46249.5,46853,45546.2,46853
BTC,4/4/2022,46950.5,47406,45131.5,46458.4
BTC,4/5/2022,46463,47214.1,45469.8,45958.1
BTC,4/6/2022,45958.1,46059.4,43182.9,43845.8
BTC,4/7/2022,43845.8,43895.2,42731.6,43524.4
BTC,4/8/2022,43524.4,43979.6,42463.6,42580.4
BTC,4/9/2022,42580.4,42677.1,42119.8,42570.8
BTC,4/10/2022,42570.8,43423.3,42450.5,42678.2
BTC,4/11/2022,42736.2,42743.8,39316.1,39400.6
BTC,4/12/2022,39411.1,40658.1,39211.8,39701.7
BTC,4/13/2022,39701.7,41554.9,39568.9,41232.1
BTC,4/14/2022,41232.1,41508.3,39560.9,39974
BTC,4/15/2022,39974,40706.5,39774.4,40434.1
BTC,4/16/2022,40434.1,40715.8,40008,40490.1
BTC,4/17/2022,40518.4,40688.1,39837.3,40216.2
BTC,4/18/2022,40216.2,41105.6,38544.4,40813.5
BTC,4/19/2022,40813.5,41764.6,40583.2,41321.3
BTC,4/20/2022,41321.3,42200.3,40903.2,41504.8
BTC,4/21/2022,41504.8,42984.6,40551.5,40730.5
BTC,4/22/2022,40730.5,40819,39190.4,39619.2
BTC,4/23/2022,39623.1,39988,39288.9,39903
BTC,4/24/2022,39903,39948,39138.1,39641.3
BTC,4/25/2022,39641.3,40380.4,38217,40235.6
BTC,4/26/2022,40235.6,40796.9,37788.9,38333.9
BTC,4/27/2022,38333.9,39470.3,37745.6,39225.9
BTC,4/28/2022,39225.9,40376.7,38888.3,39848.7
BTC,4/29/2022,39853.5,39926.8,38175,38564
BTC,4/30/2022,38564,38799.2,38159.4,38301.1
BTC,5/1/2022,38301.1,38667.8,37388.5,38342.6
BTC,5/2/2022,38350,39169.9,38057.5,38643.5
BTC,5/3/2022,38643.5,38903.5,37513.9,37791.8
BTC,5/4/2022,37791.8,40020,37627.4,39741.1
BTC,5/5/2022,39741.1,39833.6,35567.2,36451.3
BTC,5/6/2022,36451.3,36665.7,35313.9,35956.3
BTC,5/7/2022,35955.5,36142.7,35089,35089
BTC,5/8/2022,35200.6,35711.2,33723.1,34450.4
BTC,5/9/2022,34450.4,34466.2,30321.9,30800.7
BTC,5/10/2022,30832.3,32640.7,29779,30286.1
BTC,5/11/2022,30224.3,32090.5,27673.9,28893.2
BTC,5/12/2022,28893.5,30069.7,25474.1,28368.4
BTC,5/13/2022,28359.3,30954.3,28273.1,29995.6
BTC,5/14/2022,29995.6,30087.9,28602.5,29661.4
BTC,5/15/2022,29662.8,31169,29443.7,31029.6
BTC,5/16/2022,31035.5,31362.3,29140.8,30135.2
BTC,5/17/2022,30130.8,30718.6,29440.4,30512.1
BTC,5/18/2022,30512.1,30652.6,28714.6,29152.1
BTC,5/19/2022,29171.2,30506.4,28635.5,30245.9
BTC,5/20/2022,30248.7,30715.4,28692.7,29148.6
BTC,5/21/2022,29148.4,29617.3,28916.1,29314.4
BTC,5/22/2022,29314.4,30271.9,29218.8,29981.7
BTC,5/23/2022,29981.7,30632.1,29025.1,29311.1
BTC,5/24/2022,29308.2,29610.2,28644.7,29548.3
BTC,5/25/2022,29548.5,30190.5,29264.8,29789.2
BTC,5/26/2022,29789.2,29853.8,28001.4,29546.4
BTC,5/27/2022,29546.4,29640,28253.3,28690.6
BTC,5/28/2022,28690,29174.1,28413.3,28983.5
BTC,5/29/2022,28983.5,29445.6,28813,29203.5
BTC,5/30/2022,29203.5,32183,29144.7,31780.5
BTC,5/31/2022,31785.7,32373.1,31203,31682.3
BTC,6/1/2022,31695.6,31957.2,29343.6,29564.1
BTC,6/2/2022,29566.3,30381.2,29490.5,30340.1
BTC,6/3/2022,30340.1,30674,29312.4,29786.2
BTC,6/4/2022,29781.2,29923.7,29460.2,29823.7
BTC,6/5/2022,29823.7,30157.8,29519.1,29937.1
BTC,6/6/2022,29937.1,31738.6,29846.9,31462.1
BTC,6/7/2022,31462.1,31554.4,29195.8,31383.4
BTC,6/8/2022,31375.8,31467.6,29859.3,30404.5
BTC,6/9/2022,30404.5,30673.6,29945.5,30114
BTC,6/10/2022,30114,30337.3,28840.4,29162.6
BTC,6/11/2022,29161.4,29407.6,28069.3,28528.8
BTC,6/12/2022,28528.8,28651.1,26859.6,27335.7
BTC,6/13/2022,27335.7,27415.3,22567.1,23031.7
BTC,6/14/2022,23026.9,23138,20822.5,21463.2
BTC,6/15/2022,21481.5,22416.6,20079.7,22157.8
BTC,6/16/2022,22188.3,22548.1,20724.5,20985.9
BTC,6/17/2022,20435.1,21334.3,20218.9,20533.1
BTC,6/18/2022,20531.7,20750.4,17599,18494.7
BTC,6/19/2022,18507.8,20660.8,17936.1,20369.1
BTC,6/20/2022,20375.3,21045.7,19616.5,20396
BTC,6/21/2022,20396,21700.6,20241.7,20950.4
BTC,6/22/2022,20949.8,20979,19756.5,19985.3
BTC,6/23/2022,19987.8,21098.1,19870.8,20667.1
BTC,6/24/2022,20667.1,21430.7,20663,21295.5
BTC,6/25/2022,21300.8,21588.8,20897.5,21495.7
BTC,6/26/2022,21489.4,21867.2,21124,21368.6
BTC,6/27/2022,21368.8,21519.4,20494.3,20784.6
BTC,6/28/2022,20791.5,21192.8,20181.3,20368.2
BTC,6/29/2022,20362.5,20429.5,19872.7,20270.8
BTC,6/30/2022,20270.8,20300.3,18615,18797.2
BTC,7/1/2022,18797.2,20870.1,18719.9,19375.7
BTC,7/2/2022,19375.7,19438.2,18980.4,19332
BTC,7/3/2022,19332,19614.2,18773.6,19279.7
BTC,7/4/2022,19275.8,20095.2,19030.4,19934.8
BTC,7/5/2022,19934.8,20723.9,19283.9,20350.7
BTC,7/6/2022,20355.6,20455.5,19746.6,20332.5
BTC,7/7/2022,20332.5,21820.7,20249.9,21654.4
BTC,7/8/2022,21655.6,22487,21177.3,21706.8
BTC,7/9/2022,21682,21956.8,21312.4,21695.8
BTC,7/10/2022,21696.3,21737.1,20647.1,21022.9
BTC,7/11/2022,21022.7,21022.8,20202.1,20224.1
BTC,7/12/2022,20220.4,20221.8,19256.8,19328.7
BTC,7/13/2022,19330.5,20091.8,18910.3,19908.9
BTC,7/14/2022,19906.2,20884.7,19611.5,20468.1
BTC,7/15/2022,20465.9,21185.8,20371.5,20960.9
BTC,7/16/2022,20959.7,21566.3,20473.5,21190.8
BTC,7/17/2022,21192.8,21658.9,20823.6,21016.7
BTC,7/18/2022,21023.9,22767.3,20748.4,21653.4
BTC,7/19/2022,21656.2,23804.1,21554.5,23656.5
BTC,7/20/2022,23651.8,24275.2,22927,23608.5
BTC,7/21/2022,23608.2,23639.9,22344.2,23212.4
BTC,7/22/2022,23213.3,23761.4,22510.5,22739.1
BTC,7/23/2022,22746.3,22998.3,21946.4,22249
BTC,7/24/2022,22245.5,22906.9,22235.8,22811.5
BTC,7/25/2022,22814.5,23013.1,21561.1,22027
BTC,7/26/2022,22029.9,22029.9,20728.4,20945
BTC,7/27/2022,20945.8,23109,20923.5,22680.9
BTC,7/28/2022,22680.1,24200.9,22590.2,23931.8
BTC,7/29/2022,23931.1,24443.9,23434.8,23828.9
BTC,7/30/2022,23798.1,24669.4,23658.3,23868.8
BTC,7/31/2022,23868.6,24194.2,23411.6,23595.8
BTC,8/1/2022,23595.4,23596.4,22858.8,23027.4
BTC,8/2/2022,23027.8,23457.2,22664.8,23097.7
BTC,8/3/2022,23084.4,23629.5,22688.5,23274.3
BTC,8/4/2022,23276.8,23283.7,22407.1,22496
BTC,8/5/2022,22494.6,23471.3,22456.7,23111.4
BTC,8/6/2022,23112.8,23352.2,23016.4,23183.9
BTC,8/7/2022,23183.8,23404.4,22853.5,23315.4
BTC,8/8/2022,23314.8,24246,23066.3,23852.2
BTC,8/9/2022,23851.6,23935.3,22882.1,23195.8
BTC,8/10/2022,23195.8,24230.6,22694.3,23966.2
BTC,8/11/2022,23967.2,24889.4,23816.2,24195.3
BTC,8/12/2022,24194.7,24291.2,23594.8,24125.5
BTC,8/13/2022,24129.1,24898,24087.2,24508.5
BTC,8/14/2022,24507.8,25040.6,24218.9,24352.3
BTC,8/15/2022,24352.2,25214.6,23885.3,24031
BTC,8/16/2022,24032.7,24251.2,23683.1,23950.8
BTC,8/17/2022,23951.8,24445.2,23184.2,23332.9
BTC,8/18/2022,23333.6,23598.9,23239.8,23363.3
BTC,8/19/2022,23362.4,23402.9,20999.2,21024.6
BTC,8/20/2022,21083.8,21370.3,20766.9,21121.1
BTC,8/21/2022,21121,21800,21055.5,21534.4
BTC,8/22/2022,21532.9,21669.1,20903.8,21097.4
BTC,8/23/2022,21097.9,21665.4,20913.3,21489.2
BTC,8/24/2022,21488.6,21840,21149.8,21594.1
BTC,8/25/2022,21594.4,21816.1,21312.1,21584.5
BTC,8/26/2022,21583.3,21826.1,20550,20641.1
BTC,8/27/2022,20641.4,20682.7,19847.2,19891.8
BTC,8/28/2022,19871.2,20161.1,19830,19965.2
BTC,8/29/2022,19965,20428.1,19538.2,20205.9
BTC,8/30/2022,20203.4,20575.1,19549.5,19882.1
BTC,8/31/2022,19886.9,20488.4,19751.3,20282
BTC,9/1/2022,20278.7,20290.6,19566,20083.7
BTC,9/2/2022,20084.2,20442.2,19763.8,19979
BTC,9/3/2022,19980.1,20055.2,19652.7,19751.8
BTC,9/4/2022,19752.1,19955.9,19585.8,19857.2
BTC,9/5/2022,19860.8,20058.4,19636.1,19752.4
BTC,9/6/2022,19751.9,20177.1,18713.2,18979.9
BTC,9/7/2022,18978.5,19461.9,18551.7,19364.7
BTC,9/8/2022,19365.1,19447.5,19030.4,19334.6
BTC,9/9/2022,19332.8,21439.1,19254.9,21257.8
BTC,9/10/2022,21256.9,21799.5,21136.1,21606.8
BTC,9/11/2022,21610.8,21866.6,21358.8,21515
BTC,9/12/2022,21520.1,22489.8,21520.1,22341.3
BTC,9/13/2022,22349.8,22739.8,19873.9,20133.2
BTC,9/14/2022,20150.4,20537,19661.1,20206.8
BTC,9/15/2022,20206.9,20395.1,19496.4,19828.4
BTC,9/16/2022,19827.4,19888.4,19332.7,19744.4
BTC,9/17/2022,19744.5,20189,19693.4,20034.5
BTC,9/18/2022,20034.3,20144.4,19417.5,19463.5
BTC,9/19/2022,19458.1,19678.6,18240,19519.5
BTC,9/20/2022,19520.3,19677.2,18715,18898.2
BTC,9/21/2022,18872.9,19727.6,18341.1,18468.2
BTC,9/22/2022,18467.3,19494.2,18147.1,19173.6
BTC,9/23/2022,19179,19520.9,18535.3,19008.8
BTC,9/24/2022,19008.5,19404.4,18861.7,18952.3
BTC,9/25/2022,18949.4,19178.9,18720.9,18744.7
BTC,9/26/2022,18740.1,19319.1,18634.4,19096.4
BTC,9/27/2022,19098,20383.3,18818.1,18992.7
BTC,9/28/2022,18982.9,19774.4,18473.2,19618.8
BTC,9/29/2022,19618.9,19665.1,18845.6,19432.8
BTC,9/30/2022,19431.3,20179.6,19163.8,19360.2
BTC,10/1/2022,19361.6,19483.7,19165.7,19288.3
BTC,10/2/2022,19288.3,19394.7,19059.1,19197.1
BTC,10/3/2022,19191,19649,18923.3,19555.2
BTC,10/4/2022,19557.1,20462.1,19499,20296.3
BTC,10/5/2022,20297.4,20386.1,19730,20055.4
BTC,10/6/2022,20052.6,20448.8,19881.1,19913.3
BTC,10/7/2022,19911.3,20056.7,19321,19572.7
BTC,10/8/2022,19571.7,19625.5,19241.9,19322.7
BTC,10/9/2022,19322.7,19555.8,19273.5,19482.2
BTC,10/10/2022,19483,19528,19096.2,19243.5
BTC,10/11/2022,19243.6,19266,18863.5,19004.5
BTC,10/12/2022,19003.7,19200.1,18978.2,19181.6
BTC,10/13/2022,19182.2,19508.7,18197.2,19403.6
BTC,10/14/2022,19403.1,19950.2,19077.7,19108.5
BTC,10/15/2022,19107.4,19226.8,19042.1,19070.1
BTC,10/16/2022,19069,19422.8,18982.3,19148.5
BTC,10/17/2022,19149.3,19676.7,19119.7,19515.4
BTC,10/18/2022,19515.4,19700.9,19097.4,19296.2
BTC,10/19/2022,19292.3,19372.2,19081.7,19195
BTC,10/20/2022,19194.4,19338.8,18906.1,19070.9
BTC,10/21/2022,19070.5,19247.7,18650.8,19155.9
BTC,10/22/2022,19155.6,19256.6,19114.9,19204.4
BTC,10/23/2022,19204.3,19596.1,19077.4,19541
BTC,10/24/2022,19542.2,19694.9,19161.3,19366.3
BTC,10/25/2022,19367.1,20416.8,19238.3,20234.4
BTC,10/26/2022,20237,21025.4,19992.8,20745.3
BTC,10/27/2022,20744.8,20909.1,20250.2,20407.2
BTC,10/28/2022,20408,20750.3,20005.4,20599.8
BTC,10/29/2022,20600.9,21084.8,20562.1,20850.3
BTC,10/30/2022,20850.4,20934.6,20521.2,20591
BTC,10/31/2022,20590,20839.9,20240.2,20478.7
BTC,11/1/2022,20480.7,20653.9,20330.4,20476.1
BTC,11/2/2022,20459.6,20798.6,20060.2,20108
BTC,11/3/2022,20108.7,20386.1,20046,20195.5
BTC,11/4/2022,20194.9,21300.1,20162.6,21179.3
BTC,11/5/2022,21180.7,21469.7,21083.4,21297.7
BTC,11/6/2022,21297.2,21365.2,21052.9,21140.3
BTC,11/7/2022,21138.4,21152.6,20389.5,20463.7
BTC,11/8/2022,20462.7,20694.2,17203.1,18514.2
BTC,11/9/2022,18491.1,18723.3,15764.8,16103
BTC,11/10/2022,16081.5,19503.4,15799.9,17887.7
BTC,11/11/2022,17904.2,20543.3,16507.1,16949.2
BTC,11/12/2022,16922.1,17203.5,16606.2,16805.7
BTC,11/13/2022,16806.2,16920,16214.7,16414
BTC,11/14/2022,16404.3,17163,15796.3,16386.9
BTC,11/15/2022,16385.4,17118.6,16380.7,16859.7
BTC,11/16/2022,16863.3,16987.9,16371,16653.8
BTC,11/17/2022,16652.8,16750.3,16399.8,16697.2
BTC,11/18/2022,16701.4,16987.4,16533.4,16647
BTC,11/19/2022,16647.2,16803.8,16536,16720.1
BTC,11/20/2022,16723.3,16756.1,16162.3,16272.5
BTC,11/21/2022,16273.2,16298.3,15473.9,15720.5
BTC,11/22/2022,15720.5,16283.4,15600.4,16165.2
BTC,11/23/2022,16165.1,16680,16137.2,16494.2
BTC,11/24/2022,16510.9,16795,16449.6,16597.5
BTC,11/25/2022,16598.3,16646,16334.8,16519.6
BTC,11/26/2022,16519.9,16689.1,16376,16416.1
BTC,11/27/2022,16414.6,16588.9,16407.3,16563.3
BTC,11/28/2022,16560.9,16567.7,16003.7,16212.5
BTC,11/29/2022,16214.2,16535.5,16093.5,16488.7
BTC,11/30/2022,16488.4,17241.4,16422.1,17153.7
BTC,12/1/2022,17146.7,17236,16863.7,16966.5
BTC,12/2/2022,16967.1,17105.2,16808.3,17042.2
BTC,12/3/2022,17044,17157.7,16864.6,16902.8
BTC,12/4/2022,16903,17150.6,16873.8,17104.6
BTC,12/5/2022,17105.3,17420.5,16870,16943.9
BTC,12/6/2022,16943.6,17102,16912.1,16973.7
BTC,12/7/2022,16974.1,17134.7,16689.9,16842.5
BTC,12/8/2022,16841.6,17298,16738,17203.8
BTC,12/9/2022,17203.3,17345.2,17069.4,17133.3
BTC,12/10/2022,17133.4,17226,17112.1,17137.6
BTC,12/11/2022,17137.7,17268.9,17091.3,17104.7
BTC,12/12/2022,17101.4,17219.8,16874.2,17159.7
BTC,12/13/2022,17159,17953.4,17084.9,17772
BTC,12/14/2022,17770.7,18377.6,17667.2,17837.7
BTC,12/15/2022,17836.5,17856.7,17282.2,17344.3
BTC,12/16/2022,17345.1,17528.3,16696.4,16725
BTC,12/17/2022,16727,16773.5,16532.6,16741.7
BTC,12/18/2022,16741.9,16860.9,16665.3,16763.8
BTC,12/19/2022,16764.6,16820.1,16265.7,16416.3
BTC,12/20/2022,16414.6,17055,16373.8,16869.7
BTC,12/21/2022,16868.8,16925.2,16727,16765.4
BTC,12/22/2022,16765.8,16867.2,16560.9,16795
BTC,12/23/2022,16795,16940.9,16743.9,16791
BTC,12/24/2022,16790.8,16859.5,16772.8,16824.9
BTC,12/25/2022,16824.9,16854,16725.8,16819.6
BTC,12/26/2022,16819.8,16915.6,16796,16835.3
BTC,12/27/2022,16835.9,16963.3,16595.4,16684.1
BTC,12/28/2022,16684.4,16776.9,16462.9,16509.2
BTC,12/29/2022,16509.7,16656.8,16481.7,16612.5
BTC,12/30/2022,16611.7,16657.2,16329.4,16575.2
BTC,12/31/2022,16575.1,16631.2,16467.2,16512.6
BTC,1/1/2023,16510.1,16619.2,16480,16594.6
BTC,1/2/2023,16594.6,16774.9,16543.4,16692.9
BTC,1/3/2023,16692.7,16771.3,16599.8,16670.7
BTC,1/4/2023,16670.7,16982.7,16647.9,16821.5
BTC,1/5/2023,16821.2,16872.2,16750.6,16832.7
BTC,1/6/2023,16831.2,17028.1,16675.3,16953
BTC,1/7/2023,16954.6,16976.2,16903.2,16932.5
BTC,1/8/2023,16932.4,17015.4,16908.8,16961.2
BTC,1/9/2023,16961.2,17394.8,16961.2,17204.3
BTC,1/10/2023,17202.8,17494.5,17129,17433.6
BTC,1/11/2023,17433.9,17593.3,17314.7,17555
BTC,1/12/2023,17556,19116.9,17550.7,18916.8
BTC,1/13/2023,18915.6,20001.6,18718,19851.1
BTC,1/14/2023,19854.7,21204.6,19736.2,20987.8
BTC,1/15/2023,20990.7,21073.7,20559.4,20916.3
BTC,1/16/2023,20915.2,21459.8,20627.4,21188.3
BTC,1/17/2023,21187,21595.2,20850.7,21234.1
BTC,1/18/2023,21234.5,21646.1,20409.2,20807.8
BTC,1/19/2023,20803.4,21188.4,20645.2,21064.9
BTC,1/20/2023,21064.2,22698,20868,22594.9
BTC,1/21/2023,22598.3,23374.4,22435.9,22948.9
BTC,1/22/2023,22902,23073.4,22311.4,22681.5
BTC,1/23/2023,22678.9,23173.1,22613.9,22931
BTC,1/24/2023,22934.4,23165.8,22730.3,22756.8
BTC,1/25/2023,22755.9,23814.8,22364.2,22939.2
BTC,1/26/2023,22937.7,23285.8,22862.9,23005.8
BTC,1/27/2023,22998.4,23501.3,22549,23015.6
BTC,1/28/2023,23014.7,23191.8,22887.2,22982.4
BTC,1/29/2023,22982.3,23963.7,22966.4,23767.1
BTC,1/30/2023,23764.8,23876.5,22501.1,22731.3
BTC,1/31/2023,22732.5,23306,22704.8,23183.7
BTC,2/1/2023,23182.1,23802.9,22766.8,23714.8
BTC,2/2/2023,23715.9,24252.3,23439.2,23561.5
BTC,2/3/2023,23561.4,23718.9,23211.3,23423.5
BTC,2/4/2023,23423.5,23573,23255.6,23405
BTC,2/5/2023,23406.1,23435.3,22754.6,22986.1
BTC,2/6/2023,22976.1,23139.3,22639.1,22882.2
BTC,2/7/2023,22880.3,23349.5,22644.5,23230.2
BTC,2/8/2023,23230.1,23446.5,22675.7,22931.1
BTC,2/9/2023,22884.4,23003,21702.8,21767.6
BTC,2/10/2023,21765.8,21942.3,21472.1,21573.7
BTC,2/11/2023,21574.4,21880.2,21555.2,21826
BTC,2/12/2023,21826.1,22088.4,21670.2,21797
BTC,2/13/2023,21796.7,21904.2,21389.3,21652
BTC,2/14/2023,21651.9,22307.8,21593.1,22197.2
BTC,2/15/2023,22197.2,24379.4,22056.6,24154.2
BTC,2/16/2023,24157,25190.4,23984.5,24013.8
BTC,2/17/2023,23997.9,25012.6,23347.1,24680.9
BTC,2/18/2023,24681.1,24876.2,24438.2,24631.4
BTC,2/19/2023,24631,25189.3,24266.8,24496.9
BTC,2/20/2023,24494.3,25098.3,23887.3,24707.3
BTC,2/21/2023,24704.9,25247.8,24160.7,24388.5
BTC,2/22/2023,24384.6,24478.5,23591.3,24100.6
BTC,2/23/2023,24102.5,24599.9,23617.8,23873.6
BTC,2/24/2023,23869.4,24132.3,22886,23119.7
BTC,2/25/2023,23119,23220.8,22800.8,23123
BTC,2/26/2023,23119.9,23675.6,23061.9,23478.9
BTC,2/27/2023,23478.7,23897.4,23118.9,23478.5
BTC,2/28/2023,23483.7,23600.5,23025.1,23161.8
BTC,3/1/2023,23163.7,23908.9,23028,23535
BTC,3/2/2023,23535,23795,23199.1,23464.9
BTC,3/3/2023,23463.5,23504.9,22098,22320.4
BTC,3/4/2023,22321.9,22409.5,22159.1,22307.2
BTC,3/5/2023,22308.1,22641.6,22238.8,22434.8
BTC,3/6/2023,22428,22598.3,22266.8,22432.3
BTC,3/7/2023,22432.6,22556.7,21944,22104.6
BTC,3/8/2023,22102.6,22267.6,21788.4,21788.4
BTC,3/9/2023,21795.4,21813.8,20062.4,20344.5
BTC,3/10/2023,20345.2,20380.1,19561.8,20167.4
BTC,3/11/2023,20167.4,20941.3,19912,20483.6
BTC,3/12/2023,20483.2,22084.5,20405.8,21915.8
BTC,3/13/2023,21934.6,24630.9,21829.2,24299.2
BTC,3/14/2023,24299.7,26558.8,24043.3,24804
BTC,3/15/2023,24801.3,25258.8,23980,24464.9
BTC,3/16/2023,24464,25224.9,24212.8,25043.8
BTC,3/17/2023,25043.9,27827.2,24944.7,27750.1
BTC,3/18/2023,27686.2,27778.6,26730.5,27003.4
BTC,3/19/2023,27003.9,28472,26887.8,28194.4
BTC,3/20/2023,28198,28553.4,27223.3,28054.7
BTC,3/21/2023,28054.7,28520.2,27406.2,28121.4
BTC,3/22/2023,28121.2,28872.3,26685.8,27286.4
BTC,3/23/2023,27283.8,28787.4,27180.9,28277.4
BTC,3/24/2023,28272.8,28499.1,27041.6,27328.5
BTC,3/25/2023,27328.3,27812.3,27186.8,27473.9
BTC,3/26/2023,27472.8,28175.3,27434,27856.6
BTC,3/27/2023,27856.6,28166.4,26665.1,27183.4
BTC,3/28/2023,27183.4,27517.2,26640.3,27201.1
BTC,3/29/2023,27201.1,28650.8,27144.2,28298.4
BTC,3/30/2023,28296.4,29187.3,27689.9,28076.4
BTC,3/31/2023,28076.4,28662.1,27521.7,28482.9
BTC,4/1/2023,28482.9,28821.7,28273,28488
BTC,4/2/2023,28488.3,28566.7,27876.1,28032.2
BTC,4/3/2023,28032.2,28505.7,27350.4,27720.8
BTC,4/4/2023,27725.4,28443.4,27675.6,28233.1
BTC,4/5/2023,28238,28777.5,27819.4,28191.2
BTC,4/6/2023,28191.2,28241.8,27723.2,27999
BTC,4/7/2023,27999,28113.8,27791.9,27911.8
BTC,4/8/2023,27911.8,28169.9,27880,27940.7
BTC,4/9/2023,27940.7,28492.3,27817.8,28456.2
BTC,4/10/2023,28456.2,29370.2,28197.2,29246.3
BTC,4/11/2023,29246.3,30578.1,29246.3,30219.4
BTC,4/12/2023,30219.4,30446.8,29686.4,29967.5
BTC,4/13/2023,29967.5,30607.8,29828.9,30312.8
BTC,4/14/2023,30312.8,31034.1,29994.2,30479.4
BTC,4/15/2023,30479.4,30617.9,30228.3,30291
BTC,4/16/2023,30291,30573.8,30144.4,30406.3
BTC,4/17/2023,30406,30425.5,29260.8,29469.6
BTC,4/18/2023,29469.6,30496.3,29121.5,30376.8
BTC,4/19/2023,30376.8,30427.6,28834.6,29180.7
BTC,4/20/2023,29190.7,29246.1,28001.2,28232.7
BTC,4/21/2023,28232.4,28371.5,27183.9,27277
BTC,4/22/2023,27277,27786.6,27133,27671.5
BTC,4/23/2023,27671.6,27883.2,27390.9,27519.2
BTC,4/24/2023,27519.2,27999.7,27073.5,27415.2
BTC,4/25/2023,27414.1,28314.5,27194.7,28274.5
BTC,4/26/2023,28269.4,30028.9,27379.3,28686.8
BTC,4/27/2023,28686.8,29893,28182,29656.8
BTC,4/28/2023,29656.8,29673.2,28905.2,29351.2
BTC,4/29/2023,29351.2,29471.8,29057.8,29247.2
BTC,4/30/2023,29247.2,29971.6,29105.7,29428
BTC,5/1/2023,29428,29447.2,27666.7,27992.7
BTC,5/2/2023,27992.8,28896.3,27876.2,28677.9
BTC,5/3/2023,28677.9,29065.5,28127.6,28931.2
BTC,5/4/2023,28995.8,29383.2,28686.5,28850.4
BTC,5/5/2023,28850.4,29673,28758.6,29513.6
BTC,5/6/2023,29513.6,29849.2,28455,28857.6
BTC,5/7/2023,28857.6,29134.6,28752.5,28802.8
BTC,5/8/2023,28807.1,28874.9,27282.4,27562.3
BTC,5/9/2023,27562.3,27841.4,27401.1,27625.2
BTC,5/10/2023,27630.3,28345.8,26885.1,27533.3
BTC,5/11/2023,27533.3,27751.7,26776.8,27005
BTC,5/12/2023,27005,27113.4,25845.9,26771.5
BTC,5/13/2023,26771.5,27031.6,26653.4,26876
BTC,5/14/2023,26876,27167.5,26651.6,26922.8
BTC,5/15/2023,26922.8,27682.9,26753.4,27381.6
BTC,5/16/2023,27381.6,27387.2,26885.3,27023.8
BTC,5/17/2023,27020.6,27506.8,26603.9,27378.6
BTC,5/18/2023,27378.6,27499.1,26476.5,26929.3
BTC,5/19/2023,26928,27164.9,26740.1,26913.9
BTC,5/20/2023,26913.9,27172.4,26838.5,27057.3
BTC,5/21/2023,27057.4,27282.5,26686.7,26761.2
BTC,5/22/2023,26761.2,27073.9,26554.1,26914
BTC,5/23/2023,26914,27492.8,26805.3,27201.7
BTC,5/24/2023,27202,27252.4,26052.3,26367.1
BTC,5/25/2023,26370.3,26618.7,25926.7,26476.6
BTC,5/26/2023,26473.9,26939.7,26329.9,26730.6
BTC,5/27/2023,26730.6,26852.8,26560.4,26781.2
BTC,5/28/2023,26781.2,27957.9,26772.6,27841.4
BTC,5/29/2023,27841.4,28455.4,27532.3,27675
BTC,5/30/2023,27675,28049.5,27565.4,27730.2
BTC,5/31/2023,27730.2,27843.6,26849.8,27095.1
BTC,6/1/2023,27095.6,27350.4,26615.4,26897.4
BTC,6/2/2023,26897.4,27295.3,26510.9,27214.7
BTC,6/3/2023,27214.5,27334.7,26924.5,27015.2
BTC,6/4/2023,27015.2,27306.1,26959.6,27203.3
BTC,6/5/2023,27203.3,27462.5,25394.9,25669.4
BTC,6/6/2023,25666.1,27215.9,25361.7,27064.9
BTC,6/7/2023,27065,27393.9,26132.1,26156.1
BTC,6/8/2023,26158.8,26815.1,26139,26578.2
BTC,6/9/2023,26578.2,26779.7,26282.8,26474.2
BTC,6/10/2023,26474.2,26531.9,25391.3,25776.2
BTC,6/11/2023,25776.2,26215.3,25648,26057
BTC,6/12/2023,26057.1,26107.5,25622,25931.6
BTC,6/13/2023,25931.6,26429.3,25716.1,25844.1
BTC,6/14/2023,25844.1,26078.6,24821.1,25119
BTC,6/15/2023,25088,25735,24750.4,25553.4
BTC,6/16/2023,25553.4,26489.1,25149,26277.1
BTC,6/17/2023,26289.5,26798.3,26163.7,26514.2
BTC,6/18/2023,26513.1,26691.1,26380.5,26409.3
BTC,6/19/2023,26402.2,27050.9,26250.6,26761.9
BTC,6/20/2023,26761.9,28307.1,26645.2,28134.2
BTC,6/21/2023,28134.2,30763.8,28108.2,29882.4
BTC,6/22/2023,29888,30501.5,29654.3,30060.4
BTC,6/23/2023,30060.4,31410.1,29810.7,30677.6
BTC,6/24/2023,30677.9,30812.9,30269.7,30533
BTC,6/25/2023,30533,31057,30289.2,30461.2
BTC,6/26/2023,30461.3,30666.3,29931.1,30164.4
BTC,6/27/2023,30164.4,31005.5,30105.6,30722.9
BTC,6/28/2023,30722.9,30740.2,29947.6,30134.1
BTC,6/29/2023,30134.1,30832.4,30047.7,30413.1
BTC,6/30/2023,30413.7,31272.9,29494.1,30469.2
BTC,7/1/2023,30469.2,30656,30314.9,30584.7
BTC,7/2/2023,30584.7,30681.8,30190,30560.2
BTC,7/3/2023,30562.7,31385.9,30430.9,31052.4
BTC,7/4/2023,31052.4,31354.7,30626.8,30810.5
BTC,7/5/2023,30810.5,30881.5,30198.2,30474.9
BTC,7/6/2023,30474.9,31491.9,29891.6,30222
BTC,7/7/2023,30222,30445.7,29703.5,30292.7
BTC,7/8/2023,30292.7,30388,30048.8,30185.9
BTC,7/9/2023,30185.9,30445.5,30121,30159.3
BTC,7/10/2023,30159.3,31048.9,29956.9,30320.1
BTC,7/11/2023,30260.1,30813,30206,30570.8
BTC,7/12/2023,30570.8,30977.8,30215.9,30355.4
BTC,7/13/2023,30355.4,31818.8,30250.6,31266.2
BTC,7/14/2023,31266.2,31641.1,29915.6,30256.8
BTC,7/15/2023,30255.8,30407.6,30216.7,30312.1
BTC,7/16/2023,30312.1,30451.9,30143.6,30306.6
BTC,7/17/2023,30306.6,30375.9,29665.4,30249.1
BTC,7/18/2023,30247.7,30273,29518.2,29807.4
BTC,7/19/2023,29807.4,30193.1,29762,29933.7
BTC,7/20/2023,29933.7,30417.2,29576.2,29869.6
BTC,7/21/2023,29867.6,30059.3,29724.6,29900.2
BTC,7/22/2023,29900.2,30001.4,29805.6,29830
BTC,7/23/2023,29830,30348.9,29649.9,29944
BTC,7/24/2023,29954.7,30098.1,28862.5,29163.5
BTC,7/25/2023,29163.6,29373.7,29045.3,29226.9
BTC,7/26/2023,29226.9,29682.8,29092.3,29467.2
BTC,7/27/2023,29467.2,29566.3,29093.3,29179.3
BTC,7/28/2023,29179.3,29528,29115.5,29313.4
BTC,7/29/2023,29313.2,29406.6,29255.6,29348.1
BTC,7/30/2023,29347.8,29446.9,29088.4,29211.2
BTC,7/31/2023,29211.2,29525.9,29096.3,29238.3
BTC,8/1/2023,29238.3,29343,28562.8,29229.9
BTC,8/2/2023,29228.1,30028,28919.7,29162.9
BTC,8/3/2023,29162.9,29401.8,28940.7,29217.1
BTC,8/4/2023,29230.2,29305.2,28789.6,29037.5
BTC,8/5/2023,29037.5,29191.1,28961,29041.5
BTC,8/6/2023,29041.5,29206.5,28896.4,29042.9
BTC,8/7/2023,29044.3,29241.9,28514,29162.2
BTC,8/8/2023,29162.3,30221,29110,29850.5
BTC,8/9/2023,29850.8,30130.7,29351.4,29501.2
BTC,8/10/2023,29501.2,29707.2,29306.9,29434.8
BTC,8/11/2023,29434.8,29526.6,29219.1,29377.7
BTC,8/12/2023,29377.7,29465.1,29355.5,29400.9
BTC,8/13/2023,29400.9,29450.5,29309.2,29344
BTC,8/14/2023,29344,29661.2,29076.3,29371.3
BTC,8/15/2023,29371.3,29459.1,29104.6,29197.8
BTC,8/16/2023,29197.8,29225,28836.4,28897.2
BTC,8/17/2023,28897.2,28944.4,25156.3,26238.8
BTC,8/18/2023,25989.9,27092,25606.8,26049.7
BTC,8/19/2023,26049.7,26266.9,25793.4,26078.2
BTC,8/20/2023,26078.2,26294,25985.4,26175.5
BTC,8/21/2023,26178.7,26246.8,25812,26192.4
BTC,8/22/2023,26192.1,26192.3,25294.2,25660.3
BTC,8/23/2023,25660.6,26805.7,25634.5,26315
BTC,8/24/2023,26312,26566.7,25857.2,26081.7
BTC,8/25/2023,26081.7,26296.3,25765.6,26067.5
BTC,8/26/2023,26066,26099.2,25969.9,26027.7
BTC,8/27/2023,26026.4,26167.8,25953.9,26055.6
BTC,8/28/2023,26055.6,26231.7,25859.8,25969.4
BTC,8/29/2023,25969.4,28143.8,25904.1,27664.2
BTC,8/30/2023,27664,27768.9,27020.8,27259.7
BTC,8/31/2023,27259.7,27568.9,25665.6,26021.4
BTC,9/1/2023,26021.4,26145.8,25325.1,25791.3
BTC,9/2/2023,25791.3,25982.3,25742.2,25856
BTC,9/3/2023,25856,26121.6,25796.4,25963
BTC,9/4/2023,25963,26100.4,25624,25670.5
BTC,9/5/2023,25664.9,25871.4,25554.8,25722.4
BTC,9/6/2023,25722.4,26005.7,25403.7,25709.9
BTC,9/7/2023,25711.3,26419.4,25600.1,26146.7
BTC,9/8/2023,26172.9,26433.8,25667.7,25890.6
BTC,9/9/2023,25889,25934.1,25789.2,25883.5
BTC,9/10/2023,25883.5,25910.4,25577.4,25893
BTC,9/11/2023,25915.4,26020.6,24905.3,25139.9
BTC,9/12/2023,25139.9,26544.6,25078,26100.6
BTC,9/13/2023,26098.7,26403.4,25761.8,26232
BTC,9/14/2023,26232,26857.2,26128.6,26542.5
BTC,9/15/2023,26542.5,26689.2,26224,26468.3
BTC,9/16/2023,26469.2,26885.8,26450.5,26572.4
BTC,9/17/2023,26572.4,26628,26404.6,26491.3
BTC,9/18/2023,26491.3,27414.8,26383.4,26843.4
BTC,9/19/2023,26843.4,27485.2,26673.9,27161.8
BTC,9/20/2023,27161.8,27391.9,26805.3,27111.8
BTC,9/21/2023,27113.7,27159.9,26375.9,26612.6
BTC,9/22/2023,26612.6,26739.6,26470.2,26567.2
BTC,9/23/2023,26567.5,26633.6,26510.1,26570.7
BTC,9/24/2023,26570.7,26739.3,26341.5,26520.4
BTC,9/25/2023,26520.4,26520.4,25994,26278.3
BTC,9/26/2023,26278.3,26392.2,26080.6,26154.2
BTC,9/27/2023,26226.9,26828,26094.3,26260.2
BTC,9/28/2023,26260.6,27296.3,26260.5,27004.5
BTC,9/29/2023,27002.2,27240.3,26664.7,26867
BTC,9/30/2023,26867,27095,26862.4,27004.7
BTC,10/1/2023,27004.7,27289.3,26956.2,27190.2
BTC,10/2/2023,27183.1,28495.5,27158.3,27480.2
BTC,10/3/2023,27480.2,27671.8,27165,27399.8
BTC,10/4/2023,27399.8,27837.2,27213.8,27688.2
BTC,10/5/2023,27687.7,28124.5,27358.6,27457.7
BTC,10/6/2023,27457.4,28289.7,27197.4,28053.9
BTC,10/7/2023,28056.7,28146.2,27858.1,27948.7
BTC,10/8/2023,27948.6,28107.3,27710.7,27934.7
BTC,10/9/2023,27932.8,27999.1,27322.4,27626
BTC,10/10/2023,27627,27737.2,27298.8,27428.7
BTC,10/11/2023,27428.7,27478.8,26532,26720.7
BTC,10/12/2023,26720.7,26938.9,26544.1,26749.4
BTC,10/13/2023,26749.4,27108.5,26679.2,27013.8
BTC,10/14/2023,27012.1,27067.2,26755.2,26819.4
BTC,10/15/2023,26818.4,27233.8,26807.4,27180.7
BTC,10/16/2023,27180.7,30006.6,27038.4,28435
BTC,10/17/2023,28435,28627.8,28081.5,28497.8
BTC,10/18/2023,28490.3,28890.4,28154.4,28276.5
BTC,10/19/2023,28272.6,28921.3,28146.9,28615.2
BTC,10/20/2023,28615.5,30118.1,28592.3,29627.2
BTC,10/21/2023,29627.2,30374.6,29478,29999
BTC,10/22/2023,29999.1,30259.6,29722,29760.1
BTC,10/23/2023,29760.1,31825.8,29724.7,31646.4
BTC,10/24/2023,31646.4,35179.4,31611.4,34138.1
BTC,10/25/2023,34121.6,35128,33691.4,34560.7
BTC,10/26/2023,34560.7,34833.4,33749.3,34114.2
BTC,10/27/2023,34114.2,34284.2,33408,33847.2
BTC,10/28/2023,33847.2,34401.5,33793.9,34195.5
BTC,10/29/2023,34195.8,34748.3,33936.4,34714.6
BTC,10/30/2023,34714.6,34835.5,34133.9,34479.9
BTC,10/31/2023,34480.3,34730.2,34051.6,34573.7
BTC,11/1/2023,34573.7,35599.2,34107.6,35289.3
BTC,11/2/2023,35291.2,35994.6,34332.4,34793.3
BTC,11/3/2023,34793.3,34952.4,34123.1,34641.6
BTC,11/4/2023,34641.6,35204.6,34599,35180.4
BTC,11/5/2023,35177.8,35325.5,34482.8,34998.1
BTC,11/6/2023,34999.4,35375.9,34757.5,35125.6
BTC,11/7/2023,35125.6,35901.3,34535.5,35298.3
BTC,11/8/2023,35298.3,35958.6,35108.8,35791.5
BTC,11/9/2023,35793.6,37984.4,35552.8,36555.6
BTC,11/10/2023,36549.2,37514,36352.6,37376
BTC,11/11/2023,37371.1,37512.4,36729,36901.1
BTC,11/12/2023,36901.2,37239.5,36746.5,37170.9
BTC,11/13/2023,37170.9,37429.3,36341.7,36480.2
BTC,11/14/2023,36482.4,36751.5,34765.8,35613.6
BTC,11/15/2023,35610.1,37893.1,35366.2,37726.6
BTC,11/16/2023,37730.1,37977.4,35513.1,36221.6
BTC,11/17/2023,36225.1,36772,35873.1,36552.4
BTC,11/18/2023,36552.4,36857.6,36210.9,36524.2
BTC,11/19/2023,36523.9,37099.3,36361.8,36996.6
BTC,11/20/2023,36996.6,37764.7,36706.4,37455
BTC,11/21/2023,37454.4,37669.3,36276.4,36390.3
BTC,11/22/2023,36393.1,37872.5,35657.9,37457.3
BTC,11/23/2023,37456,37647.9,36895.8,37310.2
BTC,11/24/2023,37319.4,38428.2,37256,37711.9
BTC,11/25/2023,37711.9,37909.6,37610.8,37747.3
BTC,11/26/2023,37746,37835.8,37170,37667.6
BTC,11/27/2023,37667.6,37667.6,36716.2,37084
BTC,11/28/2023,37084,38396.6,36871.7,37883.1
BTC,11/29/2023,37884.9,38467.7,37584.3,37795.2
BTC,11/30/2023,37795.2,38150.8,37510.5,37700.1
BTC,12/1/2023,37705.6,38996.9,37611.1,38719.3
BTC,12/2/2023,38719.3,39732.7,38660.5,39367.1
BTC,12/3/2023,39373,40223.8,39294.1,40075.1
BTC,12/4/2023,40077.2,42419.1,39793.9,41952.7
BTC,12/5/2023,41941.6,44493.1,41416.5,44290.7
BTC,12/6/2023,44290.7,44295.3,43390.8,43771.6
BTC,12/7/2023,43761.1,44046.4,42870.4,43151.1
BTC,12/8/2023,43151.1,44716.5,43093.8,44263.5
BTC,12/9/2023,44278.1,44369.1,43734.9,43911.6
BTC,12/10/2023,43903.4,44053.7,43605.9,43784.8
BTC,12/11/2023,43779.1,43848.2,40188,41267.3
BTC,12/12/2023,41267.3,42090.8,40645.8,41211.6
BTC,12/13/2023,41211.6,43448.9,40563.1,42972.3
BTC,12/14/2023,42972.3,43424.7,41784.8,43077.9
BTC,12/15/2023,43077.9,43187.5,41656.4,42064.9
BTC,12/16/2023,42064.9,42689.1,41625.1,42277
BTC,12/17/2023,42277,42373.1,41532.4,41674.9
BTC,12/18/2023,41674.9,42744.6,40515.1,42498.4
BTC,12/19/2023,42498.4,43465.1,41797.4,42312
BTC,12/20/2023,42312.1,44282.1,42192.1,43613.4
BTC,12/21/2023,43610.8,44245.8,43290.5,43957.3
BTC,12/22/2023,43957.8,44411.2,43423,43834.6
BTC,12/23/2023,43834.6,44084.3,43330.1,43767.7
BTC,12/24/2023,43767.7,43963.3,42704.4,43005.7
BTC,12/25/2023,43007.5,43806.9,42755.6,43689.8
BTC,12/26/2023,43689.8,43689.8,41703.7,42465.8
BTC,12/27/2023,42465.8,43698.8,42103.1,43350.7
BTC,12/28/2023,43356.1,43815.2,42273.6,42644.4
BTC,12/29/2023,42647.1,43129.7,41306.9,41769.4
BTC,12/30/2023,41769.4,42603.9,41521.8,42131.5
BTC,12/31/2023,42125.3,42881,41981.6,42247.3
BTC,1/1/2024,42250.7,43836.1,42053.8,43538.2
BTC,1/2/2024,43538.2,45919.1,43538.2,44998.4
BTC,1/3/2024,44998.6,45510.9,40823.8,42765.5
BTC,1/4/2024,42766.4,44791.8,42607.7,44370.8
BTC,1/5/2024,44370.8,44407.1,42530.8,44002.2
BTC,1/6/2024,44006.7,44343,43436.7,43904.9
BTC,1/7/2024,43904.9,44498.8,43726.7,43898.1
BTC,1/8/2024,43890.9,47261.7,43201.1,47041.8
BTC,1/9/2024,47041.8,47636.2,45198.3,46275.4
BTC,1/10/2024,46266.3,46958.7,44331.1,46914.4
BTC,1/11/2024,46914.4,48976.3,45596.8,46402.8
BTC,1/12/2024,46402.8,46520.5,41717.1,42481.9
BTC,1/13/2024,42464.6,43247.9,42426.4,42980.3
BTC,1/14/2024,42980.3,43068.5,41974.4,42250.7
BTC,1/15/2024,42250.8,43360.9,41688,42576.8
BTC,1/16/2024,42588.9,43573.6,42058.2,43199.1
BTC,1/17/2024,43199.1,43277.8,42162.8,42679.4
BTC,1/18/2024,42679.4,42877,40597.9,41312.9
BTC,1/19/2024,41303.6,42148.6,40259.3,41645.8
BTC,1/20/2024,41645.8,41830.5,41418.6,41747.3
BTC,1/21/2024,41747.3,41855,41503.4,41607.2
BTC,1/22/2024,41607.2,41658.8,39415.3,39794.8
BTC,1/23/2024,39793.1,40137,38514,39434
BTC,1/24/2024,39453.3,40519.7,39437.3,39854.9
BTC,1/25/2024,39854.9,40274,39523.9,39934.7
BTC,1/26/2024,39934.7,42231.4,39801.8,41897.5
BTC,1/27/2024,41897.5,42197.5,41390.6,42155.1
BTC,1/28/2024,42155,42828.7,41617.9,41827.3
BTC,1/29/2024,41833.5,43290.9,41746.9,43111.1
BTC,1/30/2024,43110.2,43861.3,43078.1,43326.9
BTC,1/31/2024,43324,43736.8,42287.4,42632.2
BTC,2/1/2024,42632.2,43271.3,41851.4,42914.7
BTC,2/2/2024,42914.7,43453.6,42522.1,43179.7
BTC,2/3/2024,43179.7,43354.9,42864.1,43016.5
BTC,2/4/2024,43016.7,43100.5,42299.6,42553.3
BTC,2/5/2024,42553.3,43521.8,42236.1,42449.1
BTC,2/6/2024,42449,43361.3,42406.5,43186.1
BTC,2/7/2024,43186.2,44388.9,42757.2,44151.9
BTC,2/8/2024,44151.9,45616.6,44143.9,45280.6
BTC,2/9/2024,45283.4,48206.4,45246.2,47300
BTC,2/10/2024,47300,48170.9,46834.2,47839.8
BTC,2/11/2024,47839.8,48606.7,47577.8,48149.9
BTC,2/12/2024,48150.3,50347.5,47713.9,50043.1
BTC,2/13/2024,50043.1,50391.8,48311.1,49540.8
BTC,2/14/2024,49540.9,52034.4,49251.7,51840.6
BTC,2/15/2024,51843.1,52843.6,51364.3,51689.3
BTC,2/16/2024,51685.7,52599.4,51601.5,52017.9
BTC,2/17/2024,52017.9,52246.6,50645.3,51721.9
BTC,2/18/2024,51721.9,52382.2,51188.9,52245.5
BTC,2/19/2024,52245.6,52496.1,51685.7,51948.9
BTC,2/20/2024,51948.9,52985.8,50765.1,52178.6
BTC,2/21/2024,52178.6,52528.3,50640.5,51511.1
BTC,2/22/2024,51499.7,52049.6,50913.3,51439.5
BTC,2/23/2024,51422.7,51516.6,50643.5,50780.9
BTC,2/24/2024,50780.9,51683.8,50521.3,51556.1
BTC,2/25/2024,51556.1,51951.3,51281.4,51699.4
BTC,2/26/2024,51699.4,54952,50907.1,54695.3
BTC,2/27/2024,54695.3,57564.2,54477.5,56915.7
BTC,2/28/2024,56915.7,64078.1,56725.3,61317.8
BTC,2/29/2024,61317.8,63683.8,60362.5,61260.1
BTC,3/1/2024,61260.1,63183,60797.7,62538.3
BTC,3/2/2024,62538.2,62767.9,61674.8,61745.5
BTC,3/3/2024,61745.5,63257.1,61431.9,62847.2
BTC,3/4/2024,62855.7,68003.8,62397.8,68003.8
BTC,3/5/2024,68003.8,68992.1,60331.6,63419.7
BTC,3/6/2024,63469.8,67642.2,62832.5,65949.5
BTC,3/7/2024,65949.5,68054.8,65593.6,67198.1
BTC,3/8/2024,67198.1,69982,66303.7,68290.8
BTC,3/9/2024,68283.1,68693.9,68030.8,68498.3
BTC,3/10/2024,68497.6,70026,68218.2,68498.7
BTC,3/11/2024,68515.3,72858.2,67623.4,72455.6
BTC,3/12/2024,72455.6,72812.7,69082.3,71167
BTC,3/13/2024,71167,73672.6,71041.1,72987.6
BTC,3/14/2024,72988.3,73532.1,68668.9,71514.2
BTC,3/15/2024,71503.5,72390,65619.8,69110.5
BTC,3/16/2024,69110.5,70045.1,65756.6,66336
BTC,3/17/2024,66318.6,68862.1,64499.7,68201.1
BTC,3/18/2024,68204,68907.5,66562,67687.9
BTC,3/19/2024,67688,68105.2,62418.1,62578.9
BTC,3/20/2024,62578.8,67914.9,60770.4,67488.6
BTC,3/21/2024,67064.4,67667.9,64520.8,65377.2
BTC,3/22/2024,65368.9,66635.8,62307.5,63045.9
BTC,3/23/2024,63035.9,66001,62998.9,64751.5
BTC,3/24/2024,64747.9,67000,63794.1,66947.2
BTC,3/25/2024,66947.2,71177.6,66386.7,70314.3
BTC,3/26/2024,70324.5,71580.3,69295,70249.9
BTC,3/27/2024,70249.9,71755.9,68369.8,69415.1
BTC,3/28/2024,69415.1,71562.8,68852,70862.9
BTC,3/29/2024,70862.9,71073.2,69100.6,69841.5
BTC,3/30/2024,69841.5,70354.8,69665.8,69748.1
BTC,3/31/2024,69748.1,71218.7,69567.1,70864.5
BTC,4/1/2024,70864.5,71371,68180.5,69612.4
BTC,4/2/2024,69619.8,69900.4,64570.6,65709.4
BTC,4/3/2024,65708.8,66931.5,64544.9,65937.8
BTC,4/4/2024,65949.1,69334,65078.2,67804.2
BTC,4/5/2024,67806.3,68768.3,65984.3,67539
BTC,4/6/2024,67526.3,68497.1,67483.6,68316.7
BTC,4/7/2024,68316.7,70320.9,68303.4,69037.5
BTC,4/8/2024,69037.5,72757.3,68907.9,71687.7
BTC,4/9/2024,71684.9,71993.5,68208.4,69182.7
BTC,4/10/2024,69182.7,70135.3,67483.2,70014.9
BTC,4/11/2024,70014.9,71287,69556.1,70120.3
BTC,4/12/2024,70120.3,71236.7,65550,66979.4
BTC,4/13/2024,66975.4,67939.6,61006,62983
BTC,4/14/2024,62973.1,65638,62172.3,63706.3
BTC,4/15/2024,63701.2,66906,62308.1,63273.7
BTC,4/16/2024,63273.7,64349.2,61637,64030.3
BTC,4/17/2024,64019.9,64501.9,59677.6,61294.1
BTC,4/18/2024,61294.2,64151.5,60816.2,63496.6
BTC,4/19/2024,63488.8,65486.4,59607.4,64327.6
BTC,4/20/2024,64419.6,65438.6,62979.7,64745.4
BTC,4/21/2024,64745.4,65723.8,64251.6,64667
BTC,4/22/2024,64667,66849,64518.9,66546.2
BTC,4/23/2024,66546.2,67251.8,65821.2,66350
BTC,4/24/2024,66356.7,67073.1,63555.2,64340.7
BTC,4/25/2024,64333.5,65237,62755.7,64673.3
BTC,4/26/2024,64672.5,64813.5,63302.6,64085.6
BTC,4/27/2024,64053.6,64053.6,62432.1,63232.6
BTC,4/28/2024,63232.6,64357.1,63198.4,63623.8
BTC,4/29/2024,63620.7,63721.1,61834.1,63092.2
BTC,4/30/2024,63086.6,64710.7,59113.6,60101.2
BTC,5/1/2024,60098.9,60984.2,56509.6,57822.2
BTC,5/2/2024,57822.2,59623.6,56867.2,59115.6
BTC,5/3/2024,59112.6,63230.8,58817.2,62753.8
BTC,5/4/2024,62775,64542.2,62577.1,63908.6
BTC,5/5/2024,63913.5,64619.6,62858.2,63876.1
BTC,5/6/2024,63876.1,65500,62699.2,63551.6
BTC,5/7/2024,63542.9,64408.4,62792.5,63072.1
BTC,5/8/2024,63081.5,63122.3,61376.1,61466.9
BTC,5/9/2024,61466.9,62809.4,60605.1,62533.3
BTC,5/10/2024,62543.7,63457,60170,60691.7
BTC,5/11/2024,60691.8,61468.4,60461.4,60906.6
BTC,5/12/2024,60906.1,61851.3,60595.4,61209.7
BTC,5/13/2024,61223.7,63437.3,60731.8,62893.1
BTC,5/14/2024,62894.8,63106.4,61117.3,61672.4
BTC,5/15/2024,61672.4,66452.5,61295,65895.4
BTC,5/16/2024,65912.9,66744.2,64607.5,65467.9
BTC,5/17/2024,65467.9,67473.8,65109.6,66846.6
BTC,5/18/2024,66833.4,67394.3,66627,66910.7
BTC,5/19/2024,66910.7,67698.4,65875.3,66275.4
BTC,5/20/2024,66278.5,70285.7,66060.3,69722
BTC,5/21/2024,69744.3,71983.3,69148.6,69709.6
BTC,5/22/2024,69702.1,70645.5,68913.2,69468.6
BTC,5/23/2024,69468.6,70059.7,66493.9,67946.5
BTC,5/24/2024,67956.4,69235.3,66593.3,68867.7
BTC,5/25/2024,68867.7,69587.1,68482.9,69124.5
BTC,5/26/2024,69125.2,69510.8,68168.4,68498.8
BTC,5/27/2024,68498.8,70616.2,68205.2,69733.8
BTC,5/28/2024,69733.8,69733.8,67193.9,68314.3
BTC,5/29/2024,68301.9,68853.4,67093.5,67626
BTC,5/30/2024,67611.8,69472.9,67095.7,68392.8
BTC,5/31/2024,68392.8,69000.6,66627.1,67484.5
BTC,6/1/2024,67484.5,67814.1,67170.6,67699.7
BTC,6/2/2024,67699.7,68404.5,67243,67780.2
BTC,6/3/2024,67774,70266.4,67572.6,69069.4
BTC,6/4/2024,69069.4,71059.3,68546.8,70620
BTC,6/5/2024,70620,71767.3,70378,71145.5
BTC,6/6/2024,71145.5,71630.6,70096,70717.9
BTC,6/7/2024,70717.9,71924.3,68758.1,69251.9
BTC,6/8/2024,69224.4,69550.2,69148.2,69397.3
BTC,6/9/2024,69396.6,69849,69122.6,69739.5
BTC,6/10/2024,69739.5,70165.3,69152.2,69566.3
BTC,6/11/2024,69566.7,69572.5,66022,67382.5
BTC,6/12/2024,67390.7,70005.3,66898.3,68513.4
BTC,6/13/2024,68513.4,68517.4,66299.1,66943.2
BTC,6/14/2024,66943.2,67325.5,65032.8,66159.8
BTC,6/15/2024,66149.7,66434.8,65822.6,66089.2
BTC,6/16/2024,66089.2,66745,65997.7,66471.8
BTC,6/17/2024,66471.8,67247.9,65074.6,66541.3
BTC,6/18/2024,66550.2,66684.9,64039.9,65184.1
BTC,6/19/2024,65202.1,65712.4,64640.1,64978.4
BTC,6/20/2024,64978.4,66455,64511.8,65004.3
BTC,6/21/2024,65004.3,65100.6,63390.1,64044.7
BTC,6/22/2024,64044.7,64507.9,63913.8,64304.3
BTC,6/23/2024,64304.3,64493.3,63496.6,63800.6
BTC,6/24/2024,63794.2,63794.2,58495.2,60056.1
BTC,6/25/2024,60075.4,62381.7,59941.4,61905.4
BTC,6/26/2024,61908.8,62468.4,60678.9,61006.1
BTC,6/27/2024,61006.1,62326.8,60561.6,61453.6
BTC,6/28/2024,61453.6,62149.8,59959.9,60245.9
BTC,6/29/2024,60243.6,61126,60173.9,60941.2
BTC,6/30/2024,60941.2,62314.4,60612,61853.4
BTC,7/1/2024,61843.4,63790.9,61843.4,63072.4
BTC,7/2/2024,63059.9,63216.1,61729.6,61858.9
BTC,7/3/2024,61858.9,62190,59342.6,60180.7
BTC,7/4/2024,60176,60431,56729,58460.7
BTC,7/5/2024,58460.2,58731.4,53734.1,56524.5
BTC,7/6/2024,56522.1,58265.4,56023,57869.8
BTC,7/7/2024,57869.7,58476.4,56205.5,56589.8
BTC,7/8/2024,56587.8,57904.4,54276,56654.8
BTC,7/9/2024,56637.4,58257.4,56283.6,57798.8
BTC,7/10/2024,57806.8,59433.9,57149.8,57429.8
BTC,7/11/2024,57424.4,59473.8,57084.3,57458.3
BTC,7/12/2024,57458.3,58542.5,56542.5,57612.9
BTC,7/13/2024,57608,58971.9,57590.9,58696.6
BTC,7/14/2024,58693.3,61428.6,58298.1,61299
BTC,7/15/2024,61333.1,63855.9,60664.2,63564.2
BTC,7/16/2024,63564.2,65213.7,62400.1,64516.1
BTC,7/17/2024,64516.1,66140.2,63867.4,64323.8
BTC,7/18/2024,64323.8,65111.2,63232.8,63837.2
BTC,7/19/2024,63837.2,67412.3,63288,66920.4
BTC,7/20/2024,66920.4,67611.6,66261,67120.6
BTC,7/21/2024,67121.2,68298,65812,68207.6
BTC,7/22/2024,68207.6,68476.6,66566.7,67862
BTC,7/23/2024,67872.4,67875.2,65461.6,65879.9
BTC,7/24/2024,65879.9,67110.7,65132.4,65627
BTC,7/25/2024,65655.8,65980.9,63436.1,65818.9
BTC,7/26/2024,65820.9,68198.6,65610.3,67946
BTC,7/27/2024,67945.3,69406.9,66673.3,68857.9
BTC,7/28/2024,68857.9,68860.9,67065.3,68015.8
BTC,7/29/2024,68024.8,70050.6,66440.6,67492.6
BTC,7/30/2024,67492.6,67545.5,65283.1,66284.1
BTC,7/31/2024,66302.1,66805.6,64499,64954.6
BTC,8/1/2024,64962.4,65290.5,62246.6,64835.8
BTC,8/2/2024,64835.8,65558.9,61234.4,61915.7
BTC,8/3/2024,61922.7,62177,59843.1,60605.3
BTC,8/4/2024,60609.8,61075.2,57164.5,58443
BTC,8/5/2024,58443,59100.9,48999.5,54375.7
BTC,8/6/2024,54380.3,57046.6,53909.1,56479.5
BTC,8/7/2024,56479.5,57725.2,54676.4,55425.5
BTC,8/8/2024,55441.1,61340.8,54573.9,61201.8
BTC,8/9/2024,61184.4,62680.3,59668.5,60754.8
BTC,8/10/2024,60776.8,61299.3,60263.6,61087.6
BTC,8/11/2024,61087.6,61858,58317.6,59015.7
BTC,8/12/2024,59013.9,60611.5,57671.9,58975.9
BTC,8/13/2024,58976.3,61587.6,58411.1,61037.4
BTC,8/14/2024,61041.3,61824.7,58665.2,58918.3
BTC,8/15/2024,58931.3,59838.4,56109.5,57633.2
BTC,8/16/2024,57600.4,59840.5,57152.4,59040.5
BTC,8/17/2024,59033.8,59695.8,58739.7,59309.1
BTC,8/18/2024,59317,60255.1,59254.6,59451.2
BTC,8/19/2024,59455,59589.8,57836.7,58980.5
